{
  "config": {
    "dataset": "Cora_ML",
    "seeds": [
      0
    ],
    "condition_mode": "similarity",
    "dissim_threshold": 0.5,
    "operator_mode": "standard",
    "epochs": 5,
    "lr": 0.001,
    "threshold": 0.17
  },
  "condition_stats": {
    "num_edges": 74160,
    "num_edges_orig": 8158,
    "overlap_ratio": 0.03588187702265372,
    "homophily_ratio": 0.4448085129261017,
    "threshold": 0.17
  },
  "seed_metrics": [
    {
      "seed": 0,
      "best_acc": 0.1847181008902077,
      "best_train_ce": 1.9268141587575276,
      "best_train_l_gain": null,
      "frozen_acc": 0.12759643916913946,
      "control_acc": 0.11646884272997032,
      "combined_acc": 0.1847181008902077,
      "mean_margin_gain": 0.015103067893214325,
      "mean_test_l_gain": 0.012361935370267321,
      "RQ_frozen_mean": 0.20126879989314544,
      "RQ_frozen_std": 0.14429885847046428,
      "RQ_control_mean": 0.22596969029380254,
      "RQ_control_std": 0.10032616347562352,
      "RQ_diff": 0.02470089040065709
    }
  ],
  "summary": {
    "combined_acc_mean": 0.1847181008902077,
    "combined_acc_std": 0.0,
    "frozen_acc_mean": 0.12759643916913946,
    "control_acc_mean": 0.11646884272997032,
    "RQ_frozen_mean": 0.20126879989314544,
    "RQ_control_mean": 0.22596969029380254,
    "RQ_diff_mean": 0.02470089040065709
  }
}