{
  "config": {
    "dataset": "Cora_ML",
    "seeds": [
      0
    ],
    "condition_mode": "similarity",
    "dissim_threshold": 0.5,
    "operator_mode": "anti_smoothing",
    "epochs": 5,
    "lr": 0.001,
    "threshold": 0.17
  },
  "condition_stats": {
    "num_edges": 74160,
    "num_edges_orig": 8158,
    "overlap_ratio": 0.03588187702265372,
    "homophily_ratio": 0.4448085129261017,
    "threshold": 0.17
  },
  "seed_metrics": [
    {
      "seed": 0,
      "best_acc": 0.26817507418397624,
      "best_train_ce": 1.9251182874043782,
      "best_train_l_gain": null,
      "frozen_acc": 0.12759643916913946,
      "control_acc": 0.2878338278931751,
      "combined_acc": 0.26817507418397624,
      "mean_margin_gain": -0.004922378355034735,
      "mean_test_l_gain": 0.053571294114347384,
      "RQ_frozen_mean": 0.20126879658730512,
      "RQ_frozen_std": 0.14429885621105112,
      "RQ_control_mean": 0.40325004263849323,
      "RQ_control_std": 0.1471959982832429,
      "RQ_diff": 0.20198124605118817
    }
  ],
  "summary": {
    "combined_acc_mean": 0.26817507418397624,
    "combined_acc_std": 0.0,
    "frozen_acc_mean": 0.12759643916913946,
    "control_acc_mean": 0.2878338278931751,
    "RQ_frozen_mean": 0.20126879658730512,
    "RQ_control_mean": 0.40325004263849323,
    "RQ_diff_mean": 0.20198124605118817
  }
}