{
  "dataset": "Cora_ML",
  "type": "Homophilic",
  "num_nodes": 2995,
  "delta": 0.15,
  "two_hop_candidates": 99344,
  "A_prime": {
    "total_edges": 163776,
    "homo_edges": 63271,
    "hetero_edges": 100505,
    "h_ratio": 0.3863264458772958
  },
  "A_double_prime": {
    "total_edges": 15803,
    "homo_edges": 12051,
    "hetero_edges": 3752,
    "h_ratio": 0.762576725938113
  },
  "delta_h_ratio": 0.3762502800608172
}