{
  "dataset": "Photo",
  "type": "Homophilic",
  "num_nodes": 7650,
  "delta": 0.15,
  "two_hop_candidates": 2948032,
  "A_prime": {
    "total_edges": 26197024,
    "homo_edges": 4439465,
    "hetero_edges": 21757559,
    "h_ratio": 0.1694644781025509
  },
  "A_double_prime": {
    "total_edges": 2770044,
    "homo_edges": 1328315,
    "hetero_edges": 1441729,
    "h_ratio": 0.4795284840240805
  },
  "delta_h_ratio": 0.3100640059215296
}